{
	"IcoMoonType": "selection",
	"icons": [
		{
			"icon": {
				"paths": [
					"M1024 590.444l-512-397.426-512 397.428v-162.038l512-397.426 512 397.428zM896 576v384h-256v-256h-256v256h-256v-384l384-288z"
				],
				"attrs": [],
				"tags": [
					"home",
					"house"
				],
				"grid": 16
			},
			"attrs": [],
			"properties": {
				"id": 51,
				"order": 3,
				"prevSize": 32,
				"ligatures": "home, house",
				"name": "home",
				"code": 58880
			},
			"setIdx": 0,
			"setId": 0,
			"iconIdx": 0
		},
		{
			"icon": {
				"paths": [
					"M704 128h-128v-64c0-35.2-28.8-64-64-64h-128c-35.204 0-64 28.8-64 64v64h-128v128h512v-128zM512 128h-128v-63.886c0.034-0.038 0.072-0.078 0.114-0.114h127.768c0.042 0.036 0.082 0.076 0.118 0.114v63.886zM832 320v-160c0-17.6-14.4-32-32-32h-64v64h32v128h-192l-192 192v256h-256v-576h32v-64h-64c-17.602 0-32 14.4-32 32v640c0 17.6 14.398 32 32 32h288v192h640v-704h-192zM576 410.51v101.49h-101.49l101.49-101.49zM960 960h-512v-384h192v-192h320v576z"
				],
				"attrs": [],
				"tags": [
					"paste",
					"clipboard-file"
				],
				"grid": 16
			},
			"attrs": [],
			"properties": {
				"id": 212,
				"order": 4,
				"prevSize": 32,
				"ligatures": "paste, clipboard-file",
				"name": "paste",
				"code": 58881
			},
			"setIdx": 0,
			"setId": 0,
			"iconIdx": 45
		},
		{
			"icon": {
				"paths": [
					"M933.79 610.25c-53.726-93.054-21.416-212.304 72.152-266.488l-100.626-174.292c-28.75 16.854-62.176 26.518-97.846 26.518-107.536 0-194.708-87.746-194.708-195.99h-201.258c0.266 33.41-8.074 67.282-25.958 98.252-53.724 93.056-173.156 124.702-266.862 70.758l-100.624 174.292c28.97 16.472 54.050 40.588 71.886 71.478 53.638 92.908 21.512 211.92-71.708 266.224l100.626 174.292c28.65-16.696 61.916-26.254 97.4-26.254 107.196 0 194.144 87.192 194.7 194.958h201.254c-0.086-33.074 8.272-66.57 25.966-97.218 53.636-92.906 172.776-124.594 266.414-71.012l100.626-174.29c-28.78-16.466-53.692-40.498-71.434-71.228zM512 719.332c-114.508 0-207.336-92.824-207.336-207.334 0-114.508 92.826-207.334 207.336-207.334 114.508 0 207.332 92.826 207.332 207.334-0.002 114.51-92.824 207.334-207.332 207.334z"
				],
				"attrs": [],
				"tags": [
					"cog",
					"gear",
					"preferences",
					"settings",
					"generate",
					"control",
					"options"
				],
				"grid": 16
			},
			"attrs": [],
			"properties": {
				"id": 569,
				"order": 5,
				"prevSize": 32,
				"ligatures": "cog, gear",
				"name": "cog",
				"code": 58882
			},
			"setIdx": 0,
			"setId": 0,
			"iconIdx": 148
		},
		{
			"icon": {
				"paths": [
					"M0 0h128v1024h-128v-1024z",
					"M832 643.002c82.624 0 154.57-19.984 192-49.5v-512c-37.43 29.518-109.376 49.502-192 49.502s-154.57-19.984-192-49.502v512c37.43 29.516 109.376 49.5 192 49.5z",
					"M608 32.528c-46.906-19.94-115.52-32.528-192-32.528-96.396 0-180.334 19.984-224 49.502v512c43.666-29.518 127.604-49.502 224-49.502 76.48 0 145.094 12.588 192 32.528v-512z"
				],
				"attrs": [],
				"tags": [
					"flag",
					"report",
					"mark"
				],
				"grid": 16
			},
			"attrs": [],
			"properties": {
				"id": 816,
				"order": 6,
				"prevSize": 32,
				"ligatures": "flag, report",
				"name": "flag",
				"code": 58883
			},
			"setIdx": 0,
			"setId": 0,
			"iconIdx": 204
		}
	],
	"height": 1024,
	"metadata": {
		"name": "icomoon"
	},
	"preferences": {
		"showGlyphs": true,
		"showQuickUse": true,
		"showQuickUse2": true,
		"showSVGs": true,
		"fontPref": {
			"prefix": "icon-",
			"metadata": {
				"fontFamily": "icomoon"
			},
			"metrics": {
				"emSize": 1024,
				"baseline": 6.25,
				"whitespace": 50
			},
			"embed": false,
			"autoHost": true
		},
		"imagePref": {
			"prefix": "icon-",
			"png": true,
			"useClassSelector": true,
			"color": 4473924,
			"bgColor": 16777215
		},
		"historySize": 100,
		"showCodes": false,
		"gridSize": 16,
		"quickUsageToken": {
			"UntitledProject": "MDg0NWUxZWM5MzJjNGRmYzNhOGQzZGE2MDQzMDEwZjAjMSMxNDQyODA5Nzk3IyMj"
		},
		"fontHostingName": false
	}
}